dt,product_id,qty_on_hand
2025-06-17,1,178
2025-06-18,1,169
2025-06-19,1,166
2025-06-20,1,155
2025-06-21,1,154
2025-06-22,1,150
2025-06-23,1,144
2025-06-24,1,140
2025-06-25,1,137
2025-06-26,1,134
2025-06-27,1,132
2025-06-28,1,126
2025-06-29,1,119
2025-06-30,1,117
2025-07-01,1,110
2025-07-02,1,105
2025-07-03,1,102
2025-07-04,1,95
2025-07-05,1,92
2025-07-06,1,84
2025-07-07,1,76
2025-07-08,1,73
2025-07-09,1,69
2025-07-10,1,61
2025-07-11,1,57
2025-07-12,1,51
2025-07-13,1,46
2025-07-14,1,41
2025-07-15,1,32
2025-07-16,1,26
2025-07-17,1,20
2025-07-18,1,17
2025-07-19,1,10
2025-07-20,1,7
2025-07-21,1,3
2025-07-22,1,0
2025-07-23,1,0
2025-07-24,1,0
2025-07-25,1,0
2025-07-26,1,0
2025-07-27,1,0
2025-07-28,1,0
2025-07-29,1,0
2025-07-30,1,0
2025-07-31,1,0
2025-08-01,1,0
2025-08-02,1,0
2025-08-03,1,0
2025-08-04,1,0
2025-08-05,1,0
2025-08-06,1,0
2025-08-07,1,0
2025-08-08,1,0
2025-08-09,1,0
2025-08-10,1,0
2025-08-11,1,0
2025-08-12,1,0
2025-08-13,1,0
2025-08-14,1,0
2025-08-15,1,0
2025-08-16,1,0
2025-08-17,1,0
2025-08-18,1,0
2025-08-19,1,0
2025-08-20,1,0
2025-08-21,1,0
2025-08-22,1,0
2025-08-23,1,0
2025-08-24,1,0
2025-08-25,1,0
2025-08-26,1,0
2025-08-27,1,0
2025-08-28,1,0
2025-08-29,1,0
2025-08-30,1,0
2025-08-31,1,0
2025-09-01,1,0
2025-09-02,1,0
2025-09-03,1,0
2025-09-04,1,0
2025-09-05,1,0
2025-09-06,1,0
2025-09-07,1,0
2025-09-08,1,0
2025-09-09,1,0
2025-09-10,1,0
2025-09-11,1,0
2025-09-12,1,0
2025-09-13,1,0
2025-09-14,1,0
2025-06-17,2,118
2025-06-18,2,108
2025-06-19,2,103
2025-06-20,2,99
2025-06-21,2,93
2025-06-22,2,90
2025-06-23,2,86
2025-06-24,2,79
2025-06-25,2,78
2025-06-26,2,74
2025-06-27,2,69
2025-06-28,2,62
2025-06-29,2,54
2025-06-30,2,51
2025-07-01,2,46
2025-07-02,2,42
2025-07-03,2,40
2025-07-04,2,34
2025-07-05,2,30
2025-07-06,2,28
2025-07-07,2,24
2025-07-08,2,22
2025-07-09,2,17
2025-07-10,2,16
2025-07-11,2,12
2025-07-12,2,6
2025-07-13,2,0
2025-07-14,2,0
2025-07-15,2,0
2025-07-16,2,0
2025-07-17,2,0
2025-07-18,2,0
2025-07-19,2,0
2025-07-20,2,0
2025-07-21,2,0
2025-07-22,2,0
2025-07-23,2,0
2025-07-24,2,0
2025-07-25,2,0
2025-07-26,2,0
2025-07-27,2,0
2025-07-28,2,0
2025-07-29,2,0
2025-07-30,2,0
2025-07-31,2,0
2025-08-01,2,0
2025-08-02,2,0
2025-08-03,2,0
2025-08-04,2,0
2025-08-05,2,0
2025-08-06,2,0
2025-08-07,2,0
2025-08-08,2,0
2025-08-09,2,0
2025-08-10,2,0
2025-08-11,2,0
2025-08-12,2,0
2025-08-13,2,0
2025-08-14,2,0
2025-08-15,2,0
2025-08-16,2,0
2025-08-17,2,0
2025-08-18,2,0
2025-08-19,2,0
2025-08-20,2,0
2025-08-21,2,0
2025-08-22,2,0
2025-08-23,2,0
2025-08-24,2,0
2025-08-25,2,0
2025-08-26,2,0
2025-08-27,2,0
2025-08-28,2,0
2025-08-29,2,0
2025-08-30,2,0
2025-08-31,2,0
2025-09-01,2,0
2025-09-02,2,0
2025-09-03,2,0
2025-09-04,2,0
2025-09-05,2,0
2025-09-06,2,0
2025-09-07,2,0
2025-09-08,2,0
2025-09-09,2,0
2025-09-10,2,0
2025-09-11,2,0
2025-09-12,2,0
2025-09-13,2,0
2025-09-14,2,0
2025-06-17,3,261
2025-06-18,3,257
2025-06-19,3,253
2025-06-20,3,246
2025-06-21,3,234
2025-06-22,3,230
2025-06-23,3,226
2025-06-24,3,222
2025-06-25,3,221
2025-06-26,3,217
2025-06-27,3,212
2025-06-28,3,209
2025-06-29,3,204
2025-06-30,3,197
2025-07-01,3,194
2025-07-02,3,188
2025-07-03,3,181
2025-07-04,3,176
2025-07-05,3,167
2025-07-06,3,158
2025-07-07,3,153
2025-07-08,3,145
2025-07-09,3,141
2025-07-10,3,134
2025-07-11,3,133
2025-07-12,3,130
2025-07-13,3,127
2025-07-14,3,123
2025-07-15,3,121
2025-07-16,3,118
2025-07-17,3,114
2025-07-18,3,109
2025-07-19,3,104
2025-07-20,3,102
2025-07-21,3,92
2025-07-22,3,90
2025-07-23,3,81
2025-07-24,3,79
2025-07-25,3,71
2025-07-26,3,67
2025-07-27,3,60
2025-07-28,3,55
2025-07-29,3,53
2025-07-30,3,49
2025-07-31,3,40
2025-08-01,3,36
2025-08-02,3,30
2025-08-03,3,24
2025-08-04,3,19
2025-08-05,3,13
2025-08-06,3,9
2025-08-07,3,6
2025-08-08,3,3
2025-08-09,3,0
2025-08-10,3,0
2025-08-11,3,0
2025-08-12,3,0
2025-08-13,3,0
2025-08-14,3,0
2025-08-15,3,0
2025-08-16,3,0
2025-08-17,3,0
2025-08-18,3,0
2025-08-19,3,0
2025-08-20,3,0
2025-08-21,3,0
2025-08-22,3,0
2025-08-23,3,0
2025-08-24,3,0
2025-08-25,3,0
2025-08-26,3,0
2025-08-27,3,0
2025-08-28,3,0
2025-08-29,3,0
2025-08-30,3,0
2025-08-31,3,0
2025-09-01,3,0
2025-09-02,3,0
2025-09-03,3,0
2025-09-04,3,0
2025-09-05,3,0
2025-09-06,3,0
2025-09-07,3,0
2025-09-08,3,0
2025-09-09,3,0
2025-09-10,3,0
2025-09-11,3,0
2025-09-12,3,0
2025-09-13,3,0
2025-09-14,3,0
2025-06-17,4,257
2025-06-18,4,252
2025-06-19,4,248
2025-06-20,4,242
2025-06-21,4,237
2025-06-22,4,236
2025-06-23,4,232
2025-06-24,4,227
2025-06-25,4,223
2025-06-26,4,220
2025-06-27,4,216
2025-06-28,4,213
2025-06-29,4,209
2025-06-30,4,201
2025-07-01,4,194
2025-07-02,4,185
2025-07-03,4,183
2025-07-04,4,181
2025-07-05,4,176
2025-07-06,4,170
2025-07-07,4,164
2025-07-08,4,160
2025-07-09,4,156
2025-07-10,4,150
2025-07-11,4,147
2025-07-12,4,145
2025-07-13,4,137
2025-07-14,4,132
2025-07-15,4,128
2025-07-16,4,122
2025-07-17,4,115
2025-07-18,4,113
2025-07-19,4,110
2025-07-20,4,107
2025-07-21,4,105
2025-07-22,4,102
2025-07-23,4,99
2025-07-24,4,96
2025-07-25,4,92
2025-07-26,4,87
2025-07-27,4,83
2025-07-28,4,77
2025-07-29,4,74
2025-07-30,4,71
2025-07-31,4,63
2025-08-01,4,59
2025-08-02,4,57
2025-08-03,4,52
2025-08-04,4,47
2025-08-05,4,39
2025-08-06,4,36
2025-08-07,4,31
2025-08-08,4,27
2025-08-09,4,22
2025-08-10,4,20
2025-08-11,4,15
2025-08-12,4,4
2025-08-13,4,1
2025-08-14,4,0
2025-08-15,4,0
2025-08-16,4,0
2025-08-17,4,0
2025-08-18,4,0
2025-08-19,4,0
2025-08-20,4,0
2025-08-21,4,0
2025-08-22,4,0
2025-08-23,4,0
2025-08-24,4,0
2025-08-25,4,0
2025-08-26,4,0
2025-08-27,4,0
2025-08-28,4,0
2025-08-29,4,0
2025-08-30,4,0
2025-08-31,4,0
2025-09-01,4,0
2025-09-02,4,0
2025-09-03,4,0
2025-09-04,4,0
2025-09-05,4,0
2025-09-06,4,0
2025-09-07,4,0
2025-09-08,4,0
2025-09-09,4,0
2025-09-10,4,0
2025-09-11,4,0
2025-09-12,4,0
2025-09-13,4,0
2025-09-14,4,0
2025-06-17,5,190
2025-06-18,5,182
2025-06-19,5,180
2025-06-20,5,172
2025-06-21,5,166
2025-06-22,5,156
2025-06-23,5,151
2025-06-24,5,144
2025-06-25,5,141
2025-06-26,5,135
2025-06-27,5,128
2025-06-28,5,123
2025-06-29,5,117
2025-06-30,5,112
2025-07-01,5,108
2025-07-02,5,105
2025-07-03,5,100
2025-07-04,5,95
2025-07-05,5,92
2025-07-06,5,88
2025-07-07,5,79
2025-07-08,5,74
2025-07-09,5,66
2025-07-10,5,61
2025-07-11,5,56
2025-07-12,5,52
2025-07-13,5,46
2025-07-14,5,40
2025-07-15,5,31
2025-07-16,5,23
2025-07-17,5,19
2025-07-18,5,12
2025-07-19,5,11
2025-07-20,5,6
2025-07-21,5,2
2025-07-22,5,0
2025-07-23,5,0
2025-07-24,5,0
2025-07-25,5,0
2025-07-26,5,0
2025-07-27,5,0
2025-07-28,5,0
2025-07-29,5,0
2025-07-30,5,0
2025-07-31,5,0
2025-08-01,5,0
2025-08-02,5,0
2025-08-03,5,0
2025-08-04,5,0
2025-08-05,5,0
2025-08-06,5,0
2025-08-07,5,0
2025-08-08,5,0
2025-08-09,5,0
2025-08-10,5,0
2025-08-11,5,0
2025-08-12,5,0
2025-08-13,5,0
2025-08-14,5,0
2025-08-15,5,0
2025-08-16,5,0
2025-08-17,5,0
2025-08-18,5,0
2025-08-19,5,0
2025-08-20,5,0
2025-08-21,5,0
2025-08-22,5,0
2025-08-23,5,0
2025-08-24,5,0
2025-08-25,5,0
2025-08-26,5,0
2025-08-27,5,0
2025-08-28,5,0
2025-08-29,5,0
2025-08-30,5,0
2025-08-31,5,0
2025-09-01,5,0
2025-09-02,5,0
2025-09-03,5,0
2025-09-04,5,0
2025-09-05,5,0
2025-09-06,5,0
2025-09-07,5,0
2025-09-08,5,0
2025-09-09,5,0
2025-09-10,5,0
2025-09-11,5,0
2025-09-12,5,0
2025-09-13,5,0
2025-09-14,5,0
2025-06-17,6,217
2025-06-18,6,210
2025-06-19,6,208
2025-06-20,6,205
2025-06-21,6,202
2025-06-22,6,197
2025-06-23,6,191
2025-06-24,6,189
2025-06-25,6,182
2025-06-26,6,176
2025-06-27,6,165
2025-06-28,6,164
2025-06-29,6,154
2025-06-30,6,153
2025-07-01,6,149
2025-07-02,6,141
2025-07-03,6,136
2025-07-04,6,127
2025-07-05,6,124
2025-07-06,6,117
2025-07-07,6,111
2025-07-08,6,106
2025-07-09,6,102
2025-07-10,6,97
2025-07-11,6,93
2025-07-12,6,85
2025-07-13,6,78
2025-07-14,6,72
2025-07-15,6,69
2025-07-16,6,61
2025-07-17,6,58
2025-07-18,6,52
2025-07-19,6,44
2025-07-20,6,40
2025-07-21,6,33
2025-07-22,6,26
2025-07-23,6,23
2025-07-24,6,17
2025-07-25,6,16
2025-07-26,6,13
2025-07-27,6,9
2025-07-28,6,4
2025-07-29,6,0
2025-07-30,6,0
2025-07-31,6,0
2025-08-01,6,0
2025-08-02,6,0
2025-08-03,6,0
2025-08-04,6,0
2025-08-05,6,0
2025-08-06,6,0
2025-08-07,6,0
2025-08-08,6,0
2025-08-09,6,0
2025-08-10,6,0
2025-08-11,6,0
2025-08-12,6,0
2025-08-13,6,0
2025-08-14,6,0
2025-08-15,6,0
2025-08-16,6,0
2025-08-17,6,0
2025-08-18,6,0
2025-08-19,6,0
2025-08-20,6,0
2025-08-21,6,0
2025-08-22,6,0
2025-08-23,6,0
2025-08-24,6,0
2025-08-25,6,0
2025-08-26,6,0
2025-08-27,6,0
2025-08-28,6,0
2025-08-29,6,0
2025-08-30,6,0
2025-08-31,6,0
2025-09-01,6,0
2025-09-02,6,0
2025-09-03,6,0
2025-09-04,6,0
2025-09-05,6,0
2025-09-06,6,0
2025-09-07,6,0
2025-09-08,6,0
2025-09-09,6,0
2025-09-10,6,0
2025-09-11,6,0
2025-09-12,6,0
2025-09-13,6,0
2025-09-14,6,0
2025-06-17,7,216
2025-06-18,7,213
2025-06-19,7,211
2025-06-20,7,205
2025-06-21,7,198
2025-06-22,7,191
2025-06-23,7,187
2025-06-24,7,178
2025-06-25,7,176
2025-06-26,7,169
2025-06-27,7,163
2025-06-28,7,157
2025-06-29,7,153
2025-06-30,7,146
2025-07-01,7,143
2025-07-02,7,138
2025-07-03,7,131
2025-07-04,7,128
2025-07-05,7,124
2025-07-06,7,122
2025-07-07,7,122
2025-07-08,7,115
2025-07-09,7,108
2025-07-10,7,100
2025-07-11,7,95
2025-07-12,7,90
2025-07-13,7,85
2025-07-14,7,77
2025-07-15,7,74
2025-07-16,7,66
2025-07-17,7,62
2025-07-18,7,57
2025-07-19,7,57
2025-07-20,7,54
2025-07-21,7,48
2025-07-22,7,43
2025-07-23,7,39
2025-07-24,7,35
2025-07-25,7,32
2025-07-26,7,24
2025-07-27,7,19
2025-07-28,7,10
2025-07-29,7,7
2025-07-30,7,0
2025-07-31,7,0
2025-08-01,7,0
2025-08-02,7,0
2025-08-03,7,0
2025-08-04,7,0
2025-08-05,7,0
2025-08-06,7,0
2025-08-07,7,0
2025-08-08,7,0
2025-08-09,7,0
2025-08-10,7,0
2025-08-11,7,0
2025-08-12,7,0
2025-08-13,7,0
2025-08-14,7,0
2025-08-15,7,0
2025-08-16,7,0
2025-08-17,7,0
2025-08-18,7,0
2025-08-19,7,0
2025-08-20,7,0
2025-08-21,7,0
2025-08-22,7,0
2025-08-23,7,0
2025-08-24,7,0
2025-08-25,7,0
2025-08-26,7,0
2025-08-27,7,0
2025-08-28,7,0
2025-08-29,7,0
2025-08-30,7,0
2025-08-31,7,0
2025-09-01,7,0
2025-09-02,7,0
2025-09-03,7,0
2025-09-04,7,0
2025-09-05,7,0
2025-09-06,7,0
2025-09-07,7,0
2025-09-08,7,0
2025-09-09,7,0
2025-09-10,7,0
2025-09-11,7,0
2025-09-12,7,0
2025-09-13,7,0
2025-09-14,7,0
2025-06-17,8,145
2025-06-18,8,138
2025-06-19,8,133
2025-06-20,8,128
2025-06-21,8,120
2025-06-22,8,117
2025-06-23,8,115
2025-06-24,8,109
2025-06-25,8,99
2025-06-26,8,95
2025-06-27,8,90
2025-06-28,8,86
2025-06-29,8,82
2025-06-30,8,75
2025-07-01,8,67
2025-07-02,8,66
2025-07-03,8,61
2025-07-04,8,52
2025-07-05,8,48
2025-07-06,8,46
2025-07-07,8,42
2025-07-08,8,37
2025-07-09,8,30
2025-07-10,8,28
2025-07-11,8,21
2025-07-12,8,11
2025-07-13,8,8
2025-07-14,8,1
2025-07-15,8,0
2025-07-16,8,0
2025-07-17,8,0
2025-07-18,8,0
2025-07-19,8,0
2025-07-20,8,0
2025-07-21,8,0
2025-07-22,8,0
2025-07-23,8,0
2025-07-24,8,0
2025-07-25,8,0
2025-07-26,8,0
2025-07-27,8,0
2025-07-28,8,0
2025-07-29,8,0
2025-07-30,8,0
2025-07-31,8,0
2025-08-01,8,0
2025-08-02,8,0
2025-08-03,8,0
2025-08-04,8,0
2025-08-05,8,0
2025-08-06,8,0
2025-08-07,8,0
2025-08-08,8,0
2025-08-09,8,0
2025-08-10,8,0
2025-08-11,8,0
2025-08-12,8,0
2025-08-13,8,0
2025-08-14,8,0
2025-08-15,8,0
2025-08-16,8,0
2025-08-17,8,0
2025-08-18,8,0
2025-08-19,8,0
2025-08-20,8,0
2025-08-21,8,0
2025-08-22,8,0
2025-08-23,8,0
2025-08-24,8,0
2025-08-25,8,0
2025-08-26,8,0
2025-08-27,8,0
2025-08-28,8,0
2025-08-29,8,0
2025-08-30,8,0
2025-08-31,8,0
2025-09-01,8,0
2025-09-02,8,0
2025-09-03,8,0
2025-09-04,8,0
2025-09-05,8,0
2025-09-06,8,0
2025-09-07,8,0
2025-09-08,8,0
2025-09-09,8,0
2025-09-10,8,0
2025-09-11,8,0
2025-09-12,8,0
2025-09-13,8,0
2025-09-14,8,0
2025-06-17,9,258
2025-06-18,9,254
2025-06-19,9,251
2025-06-20,9,243
2025-06-21,9,241
2025-06-22,9,241
2025-06-23,9,237
2025-06-24,9,231
2025-06-25,9,226
2025-06-26,9,226
2025-06-27,9,225
2025-06-28,9,222
2025-06-29,9,219
2025-06-30,9,216
2025-07-01,9,211
2025-07-02,9,208
2025-07-03,9,202
2025-07-04,9,200
2025-07-05,9,193
2025-07-06,9,190
2025-07-07,9,188
2025-07-08,9,180
2025-07-09,9,171
2025-07-10,9,166
2025-07-11,9,158
2025-07-12,9,154
2025-07-13,9,145
2025-07-14,9,139
2025-07-15,9,136
2025-07-16,9,134
2025-07-17,9,128
2025-07-18,9,125
2025-07-19,9,122
2025-07-20,9,122
2025-07-21,9,117
2025-07-22,9,115
2025-07-23,9,113
2025-07-24,9,109
2025-07-25,9,103
2025-07-26,9,98
2025-07-27,9,92
2025-07-28,9,88
2025-07-29,9,82
2025-07-30,9,79
2025-07-31,9,77
2025-08-01,9,72
2025-08-02,9,69
2025-08-03,9,67
2025-08-04,9,62
2025-08-05,9,54
2025-08-06,9,47
2025-08-07,9,41
2025-08-08,9,38
2025-08-09,9,32
2025-08-10,9,24
2025-08-11,9,20
2025-08-12,9,19
2025-08-13,9,13
2025-08-14,9,10
2025-08-15,9,4
2025-08-16,9,0
2025-08-17,9,0
2025-08-18,9,0
2025-08-19,9,0
2025-08-20,9,0
2025-08-21,9,0
2025-08-22,9,0
2025-08-23,9,0
2025-08-24,9,0
2025-08-25,9,0
2025-08-26,9,0
2025-08-27,9,0
2025-08-28,9,0
2025-08-29,9,0
2025-08-30,9,0
2025-08-31,9,0
2025-09-01,9,0
2025-09-02,9,0
2025-09-03,9,0
2025-09-04,9,0
2025-09-05,9,0
2025-09-06,9,0
2025-09-07,9,0
2025-09-08,9,0
2025-09-09,9,0
2025-09-10,9,0
2025-09-11,9,0
2025-09-12,9,0
2025-09-13,9,0
2025-09-14,9,0
2025-06-17,10,251
2025-06-18,10,247
2025-06-19,10,235
2025-06-20,10,232
2025-06-21,10,227
2025-06-22,10,223
2025-06-23,10,216
2025-06-24,10,214
2025-06-25,10,209
2025-06-26,10,205
2025-06-27,10,201
2025-06-28,10,196
2025-06-29,10,191
2025-06-30,10,184
2025-07-01,10,181
2025-07-02,10,176
2025-07-03,10,169
2025-07-04,10,168
2025-07-05,10,162
2025-07-06,10,157
2025-07-07,10,151
2025-07-08,10,146
2025-07-09,10,140
2025-07-10,10,135
2025-07-11,10,131
2025-07-12,10,130
2025-07-13,10,125
2025-07-14,10,117
2025-07-15,10,110
2025-07-16,10,104
2025-07-17,10,96
2025-07-18,10,91
2025-07-19,10,88
2025-07-20,10,86
2025-07-21,10,79
2025-07-22,10,73
2025-07-23,10,68
2025-07-24,10,63
2025-07-25,10,57
2025-07-26,10,55
2025-07-27,10,55
2025-07-28,10,50
2025-07-29,10,44
2025-07-30,10,38
2025-07-31,10,32
2025-08-01,10,28
2025-08-02,10,19
2025-08-03,10,16
2025-08-04,10,7
2025-08-05,10,3
2025-08-06,10,0
2025-08-07,10,0
2025-08-08,10,0
2025-08-09,10,0
2025-08-10,10,0
2025-08-11,10,0
2025-08-12,10,0
2025-08-13,10,0
2025-08-14,10,0
2025-08-15,10,0
2025-08-16,10,0
2025-08-17,10,0
2025-08-18,10,0
2025-08-19,10,0
2025-08-20,10,0
2025-08-21,10,0
2025-08-22,10,0
2025-08-23,10,0
2025-08-24,10,0
2025-08-25,10,0
2025-08-26,10,0
2025-08-27,10,0
2025-08-28,10,0
2025-08-29,10,0
2025-08-30,10,0
2025-08-31,10,0
2025-09-01,10,0
2025-09-02,10,0
2025-09-03,10,0
2025-09-04,10,0
2025-09-05,10,0
2025-09-06,10,0
2025-09-07,10,0
2025-09-08,10,0
2025-09-09,10,0
2025-09-10,10,0
2025-09-11,10,0
2025-09-12,10,0
2025-09-13,10,0
2025-09-14,10,0
2025-06-17,11,173
2025-06-18,11,169
2025-06-19,11,162
2025-06-20,11,158
2025-06-21,11,154
2025-06-22,11,145
2025-06-23,11,139
2025-06-24,11,139
2025-06-25,11,134
2025-06-26,11,128
2025-06-27,11,124
2025-06-28,11,117
2025-06-29,11,115
2025-06-30,11,113
2025-07-01,11,108
2025-07-02,11,104
2025-07-03,11,101
2025-07-04,11,97
2025-07-05,11,94
2025-07-06,11,87
2025-07-07,11,78
2025-07-08,11,74
2025-07-09,11,69
2025-07-10,11,66
2025-07-11,11,60
2025-07-12,11,56
2025-07-13,11,48
2025-07-14,11,39
2025-07-15,11,32
2025-07-16,11,28
2025-07-17,11,21
2025-07-18,11,16
2025-07-19,11,14
2025-07-20,11,7
2025-07-21,11,6
2025-07-22,11,2
2025-07-23,11,0
2025-07-24,11,0
2025-07-25,11,0
2025-07-26,11,0
2025-07-27,11,0
2025-07-28,11,0
2025-07-29,11,0
2025-07-30,11,0
2025-07-31,11,0
2025-08-01,11,0
2025-08-02,11,0
2025-08-03,11,0
2025-08-04,11,0
2025-08-05,11,0
2025-08-06,11,0
2025-08-07,11,0
2025-08-08,11,0
2025-08-09,11,0
2025-08-10,11,0
2025-08-11,11,0
2025-08-12,11,0
2025-08-13,11,0
2025-08-14,11,0
2025-08-15,11,0
2025-08-16,11,0
2025-08-17,11,0
2025-08-18,11,0
2025-08-19,11,0
2025-08-20,11,0
2025-08-21,11,0
2025-08-22,11,0
2025-08-23,11,0
2025-08-24,11,0
2025-08-25,11,0
2025-08-26,11,0
2025-08-27,11,0
2025-08-28,11,0
2025-08-29,11,0
2025-08-30,11,0
2025-08-31,11,0
2025-09-01,11,0
2025-09-02,11,0
2025-09-03,11,0
2025-09-04,11,0
2025-09-05,11,0
2025-09-06,11,0
2025-09-07,11,0
2025-09-08,11,0
2025-09-09,11,0
2025-09-10,11,0
2025-09-11,11,0
2025-09-12,11,0
2025-09-13,11,0
2025-09-14,11,0
2025-06-17,12,281
2025-06-18,12,276
2025-06-19,12,273
2025-06-20,12,271
2025-06-21,12,270
2025-06-22,12,261
2025-06-23,12,254
2025-06-24,12,253
2025-06-25,12,247
2025-06-26,12,239
2025-06-27,12,231
2025-06-28,12,224
2025-06-29,12,216
2025-06-30,12,212
2025-07-01,12,209
2025-07-02,12,203
2025-07-03,12,197
2025-07-04,12,194
2025-07-05,12,188
2025-07-06,12,184
2025-07-07,12,184
2025-07-08,12,178
2025-07-09,12,168
2025-07-10,12,163
2025-07-11,12,161
2025-07-12,12,154
2025-07-13,12,142
2025-07-14,12,136
2025-07-15,12,133
2025-07-16,12,125
2025-07-17,12,123
2025-07-18,12,119
2025-07-19,12,116
2025-07-20,12,112
2025-07-21,12,106
2025-07-22,12,104
2025-07-23,12,99
2025-07-24,12,95
2025-07-25,12,91
2025-07-26,12,82
2025-07-27,12,78
2025-07-28,12,75
2025-07-29,12,70
2025-07-30,12,67
2025-07-31,12,61
2025-08-01,12,56
2025-08-02,12,53
2025-08-03,12,50
2025-08-04,12,44
2025-08-05,12,40
2025-08-06,12,36
2025-08-07,12,33
2025-08-08,12,29
2025-08-09,12,25
2025-08-10,12,19
2025-08-11,12,14
2025-08-12,12,11
2025-08-13,12,7
2025-08-14,12,5
2025-08-15,12,0
2025-08-16,12,0
2025-08-17,12,0
2025-08-18,12,0
2025-08-19,12,0
2025-08-20,12,0
2025-08-21,12,0
2025-08-22,12,0
2025-08-23,12,0
2025-08-24,12,0
2025-08-25,12,0
2025-08-26,12,0
2025-08-27,12,0
2025-08-28,12,0
2025-08-29,12,0
2025-08-30,12,0
2025-08-31,12,0
2025-09-01,12,0
2025-09-02,12,0
2025-09-03,12,0
2025-09-04,12,0
2025-09-05,12,0
2025-09-06,12,0
2025-09-07,12,0
2025-09-08,12,0
2025-09-09,12,0
2025-09-10,12,0
2025-09-11,12,0
2025-09-12,12,0
2025-09-13,12,0
2025-09-14,12,0
2025-06-17,13,260
2025-06-18,13,257
2025-06-19,13,251
2025-06-20,13,247
2025-06-21,13,241
2025-06-22,13,232
2025-06-23,13,228
2025-06-24,13,221
2025-06-25,13,215
2025-06-26,13,209
2025-06-27,13,206
2025-06-28,13,201
2025-06-29,13,195
2025-06-30,13,190
2025-07-01,13,186
2025-07-02,13,181
2025-07-03,13,173
2025-07-04,13,169
2025-07-05,13,163
2025-07-06,13,159
2025-07-07,13,156
2025-07-08,13,151
2025-07-09,13,143
2025-07-10,13,139
2025-07-11,13,132
2025-07-12,13,125
2025-07-13,13,120
2025-07-14,13,113
2025-07-15,13,109
2025-07-16,13,98
2025-07-17,13,92
2025-07-18,13,89
2025-07-19,13,81
2025-07-20,13,78
2025-07-21,13,73
2025-07-22,13,67
2025-07-23,13,62
2025-07-24,13,60
2025-07-25,13,57
2025-07-26,13,54
2025-07-27,13,47
2025-07-28,13,38
2025-07-29,13,34
2025-07-30,13,31
2025-07-31,13,26
2025-08-01,13,24
2025-08-02,13,16
2025-08-03,13,13
2025-08-04,13,10
2025-08-05,13,4
2025-08-06,13,0
2025-08-07,13,0
2025-08-08,13,0
2025-08-09,13,0
2025-08-10,13,0
2025-08-11,13,0
2025-08-12,13,0
2025-08-13,13,0
2025-08-14,13,0
2025-08-15,13,0
2025-08-16,13,0
2025-08-17,13,0
2025-08-18,13,0
2025-08-19,13,0
2025-08-20,13,0
2025-08-21,13,0
2025-08-22,13,0
2025-08-23,13,0
2025-08-24,13,0
2025-08-25,13,0
2025-08-26,13,0
2025-08-27,13,0
2025-08-28,13,0
2025-08-29,13,0
2025-08-30,13,0
2025-08-31,13,0
2025-09-01,13,0
2025-09-02,13,0
2025-09-03,13,0
2025-09-04,13,0
2025-09-05,13,0
2025-09-06,13,0
2025-09-07,13,0
2025-09-08,13,0
2025-09-09,13,0
2025-09-10,13,0
2025-09-11,13,0
2025-09-12,13,0
2025-09-13,13,0
2025-09-14,13,0
2025-06-17,14,164
2025-06-18,14,161
2025-06-19,14,158
2025-06-20,14,153
2025-06-21,14,149
2025-06-22,14,146
2025-06-23,14,136
2025-06-24,14,126
2025-06-25,14,121
2025-06-26,14,117
2025-06-27,14,109
2025-06-28,14,100
2025-06-29,14,94
2025-06-30,14,88
2025-07-01,14,86
2025-07-02,14,81
2025-07-03,14,78
2025-07-04,14,73
2025-07-05,14,69
2025-07-06,14,64
2025-07-07,14,64
2025-07-08,14,63
2025-07-09,14,58
2025-07-10,14,55
2025-07-11,14,52
2025-07-12,14,46
2025-07-13,14,40
2025-07-14,14,32
2025-07-15,14,31
2025-07-16,14,29
2025-07-17,14,25
2025-07-18,14,22
2025-07-19,14,16
2025-07-20,14,5
2025-07-21,14,0
2025-07-22,14,0
2025-07-23,14,0
2025-07-24,14,0
2025-07-25,14,0
2025-07-26,14,0
2025-07-27,14,0
2025-07-28,14,0
2025-07-29,14,0
2025-07-30,14,0
2025-07-31,14,0
2025-08-01,14,0
2025-08-02,14,0
2025-08-03,14,0
2025-08-04,14,0
2025-08-05,14,0
2025-08-06,14,0
2025-08-07,14,0
2025-08-08,14,0
2025-08-09,14,0
2025-08-10,14,0
2025-08-11,14,0
2025-08-12,14,0
2025-08-13,14,0
2025-08-14,14,0
2025-08-15,14,0
2025-08-16,14,0
2025-08-17,14,0
2025-08-18,14,0
2025-08-19,14,0
2025-08-20,14,0
2025-08-21,14,0
2025-08-22,14,0
2025-08-23,14,0
2025-08-24,14,0
2025-08-25,14,0
2025-08-26,14,0
2025-08-27,14,0
2025-08-28,14,0
2025-08-29,14,0
2025-08-30,14,0
2025-08-31,14,0
2025-09-01,14,0
2025-09-02,14,0
2025-09-03,14,0
2025-09-04,14,0
2025-09-05,14,0
2025-09-06,14,0
2025-09-07,14,0
2025-09-08,14,0
2025-09-09,14,0
2025-09-10,14,0
2025-09-11,14,0
2025-09-12,14,0
2025-09-13,14,0
2025-09-14,14,0
2025-06-17,15,233
2025-06-18,15,231
2025-06-19,15,224
2025-06-20,15,217
2025-06-21,15,213
2025-06-22,15,208
2025-06-23,15,202
2025-06-24,15,197
2025-06-25,15,196
2025-06-26,15,194
2025-06-27,15,187
2025-06-28,15,180
2025-06-29,15,176
2025-06-30,15,173
2025-07-01,15,169
2025-07-02,15,165
2025-07-03,15,159
2025-07-04,15,158
2025-07-05,15,151
2025-07-06,15,146
2025-07-07,15,138
2025-07-08,15,131
2025-07-09,15,125
2025-07-10,15,117
2025-07-11,15,108
2025-07-12,15,101
2025-07-13,15,99
2025-07-14,15,97
2025-07-15,15,94
2025-07-16,15,89
2025-07-17,15,87
2025-07-18,15,82
2025-07-19,15,78
2025-07-20,15,76
2025-07-21,15,70
2025-07-22,15,67
2025-07-23,15,62
2025-07-24,15,59
2025-07-25,15,56
2025-07-26,15,52
2025-07-27,15,49
2025-07-28,15,44
2025-07-29,15,38
2025-07-30,15,34
2025-07-31,15,30
2025-08-01,15,26
2025-08-02,15,19
2025-08-03,15,13
2025-08-04,15,8
2025-08-05,15,6
2025-08-06,15,0
2025-08-07,15,0
2025-08-08,15,0
2025-08-09,15,0
2025-08-10,15,0
2025-08-11,15,0
2025-08-12,15,0
2025-08-13,15,0
2025-08-14,15,0
2025-08-15,15,0
2025-08-16,15,0
2025-08-17,15,0
2025-08-18,15,0
2025-08-19,15,0
2025-08-20,15,0
2025-08-21,15,0
2025-08-22,15,0
2025-08-23,15,0
2025-08-24,15,0
2025-08-25,15,0
2025-08-26,15,0
2025-08-27,15,0
2025-08-28,15,0
2025-08-29,15,0
2025-08-30,15,0
2025-08-31,15,0
2025-09-01,15,0
2025-09-02,15,0
2025-09-03,15,0
2025-09-04,15,0
2025-09-05,15,0
2025-09-06,15,0
2025-09-07,15,0
2025-09-08,15,0
2025-09-09,15,0
2025-09-10,15,0
2025-09-11,15,0
2025-09-12,15,0
2025-09-13,15,0
2025-09-14,15,0
2025-06-17,16,114
2025-06-18,16,107
2025-06-19,16,100
2025-06-20,16,95
2025-06-21,16,90
2025-06-22,16,81
2025-06-23,16,72
2025-06-24,16,69
2025-06-25,16,65
2025-06-26,16,62
2025-06-27,16,59
2025-06-28,16,57
2025-06-29,16,51
2025-06-30,16,43
2025-07-01,16,40
2025-07-02,16,31
2025-07-03,16,26
2025-07-04,16,23
2025-07-05,16,19
2025-07-06,16,15
2025-07-07,16,13
2025-07-08,16,9
2025-07-09,16,8
2025-07-10,16,4
2025-07-11,16,1
2025-07-12,16,0
2025-07-13,16,0
2025-07-14,16,0
2025-07-15,16,0
2025-07-16,16,0
2025-07-17,16,0
2025-07-18,16,0
2025-07-19,16,0
2025-07-20,16,0
2025-07-21,16,0
2025-07-22,16,0
2025-07-23,16,0
2025-07-24,16,0
2025-07-25,16,0
2025-07-26,16,0
2025-07-27,16,0
2025-07-28,16,0
2025-07-29,16,0
2025-07-30,16,0
2025-07-31,16,0
2025-08-01,16,0
2025-08-02,16,0
2025-08-03,16,0
2025-08-04,16,0
2025-08-05,16,0
2025-08-06,16,0
2025-08-07,16,0
2025-08-08,16,0
2025-08-09,16,0
2025-08-10,16,0
2025-08-11,16,0
2025-08-12,16,0
2025-08-13,16,0
2025-08-14,16,0
2025-08-15,16,0
2025-08-16,16,0
2025-08-17,16,0
2025-08-18,16,0
2025-08-19,16,0
2025-08-20,16,0
2025-08-21,16,0
2025-08-22,16,0
2025-08-23,16,0
2025-08-24,16,0
2025-08-25,16,0
2025-08-26,16,0
2025-08-27,16,0
2025-08-28,16,0
2025-08-29,16,0
2025-08-30,16,0
2025-08-31,16,0
2025-09-01,16,0
2025-09-02,16,0
2025-09-03,16,0
2025-09-04,16,0
2025-09-05,16,0
2025-09-06,16,0
2025-09-07,16,0
2025-09-08,16,0
2025-09-09,16,0
2025-09-10,16,0
2025-09-11,16,0
2025-09-12,16,0
2025-09-13,16,0
2025-09-14,16,0
2025-06-17,17,155
2025-06-18,17,153
2025-06-19,17,149
2025-06-20,17,148
2025-06-21,17,144
2025-06-22,17,139
2025-06-23,17,135
2025-06-24,17,131
2025-06-25,17,123
2025-06-26,17,119
2025-06-27,17,114
2025-06-28,17,104
2025-06-29,17,101
2025-06-30,17,97
2025-07-01,17,90
2025-07-02,17,84
2025-07-03,17,81
2025-07-04,17,76
2025-07-05,17,69
2025-07-06,17,64
2025-07-07,17,60
2025-07-08,17,56
2025-07-09,17,46
2025-07-10,17,42
2025-07-11,17,37
2025-07-12,17,35
2025-07-13,17,27
2025-07-14,17,25
2025-07-15,17,20
2025-07-16,17,16
2025-07-17,17,11
2025-07-18,17,5
2025-07-19,17,0
2025-07-20,17,0
2025-07-21,17,0
2025-07-22,17,0
2025-07-23,17,0
2025-07-24,17,0
2025-07-25,17,0
2025-07-26,17,0
2025-07-27,17,0
2025-07-28,17,0
2025-07-29,17,0
2025-07-30,17,0
2025-07-31,17,0
2025-08-01,17,0
2025-08-02,17,0
2025-08-03,17,0
2025-08-04,17,0
2025-08-05,17,0
2025-08-06,17,0
2025-08-07,17,0
2025-08-08,17,0
2025-08-09,17,0
2025-08-10,17,0
2025-08-11,17,0
2025-08-12,17,0
2025-08-13,17,0
2025-08-14,17,0
2025-08-15,17,0
2025-08-16,17,0
2025-08-17,17,0
2025-08-18,17,0
2025-08-19,17,0
2025-08-20,17,0
2025-08-21,17,0
2025-08-22,17,0
2025-08-23,17,0
2025-08-24,17,0
2025-08-25,17,0
2025-08-26,17,0
2025-08-27,17,0
2025-08-28,17,0
2025-08-29,17,0
2025-08-30,17,0
2025-08-31,17,0
2025-09-01,17,0
2025-09-02,17,0
2025-09-03,17,0
2025-09-04,17,0
2025-09-05,17,0
2025-09-06,17,0
2025-09-07,17,0
2025-09-08,17,0
2025-09-09,17,0
2025-09-10,17,0
2025-09-11,17,0
2025-09-12,17,0
2025-09-13,17,0
2025-09-14,17,0
2025-06-17,18,168
2025-06-18,18,161
2025-06-19,18,155
2025-06-20,18,148
2025-06-21,18,141
2025-06-22,18,134
2025-06-23,18,126
2025-06-24,18,118
2025-06-25,18,112
2025-06-26,18,107
2025-06-27,18,104
2025-06-28,18,100
2025-06-29,18,96
2025-06-30,18,89
2025-07-01,18,85
2025-07-02,18,78
2025-07-03,18,74
2025-07-04,18,71
2025-07-05,18,68
2025-07-06,18,62
2025-07-07,18,58
2025-07-08,18,54
2025-07-09,18,44
2025-07-10,18,42
2025-07-11,18,39
2025-07-12,18,37
2025-07-13,18,34
2025-07-14,18,30
2025-07-15,18,24
2025-07-16,18,16
2025-07-17,18,13
2025-07-18,18,7
2025-07-19,18,6
2025-07-20,18,3
2025-07-21,18,0
2025-07-22,18,0
2025-07-23,18,0
2025-07-24,18,0
2025-07-25,18,0
2025-07-26,18,0
2025-07-27,18,0
2025-07-28,18,0
2025-07-29,18,0
2025-07-30,18,0
2025-07-31,18,0
2025-08-01,18,0
2025-08-02,18,0
2025-08-03,18,0
2025-08-04,18,0
2025-08-05,18,0
2025-08-06,18,0
2025-08-07,18,0
2025-08-08,18,0
2025-08-09,18,0
2025-08-10,18,0
2025-08-11,18,0
2025-08-12,18,0
2025-08-13,18,0
2025-08-14,18,0
2025-08-15,18,0
2025-08-16,18,0
2025-08-17,18,0
2025-08-18,18,0
2025-08-19,18,0
2025-08-20,18,0
2025-08-21,18,0
2025-08-22,18,0
2025-08-23,18,0
2025-08-24,18,0
2025-08-25,18,0
2025-08-26,18,0
2025-08-27,18,0
2025-08-28,18,0
2025-08-29,18,0
2025-08-30,18,0
2025-08-31,18,0
2025-09-01,18,0
2025-09-02,18,0
2025-09-03,18,0
2025-09-04,18,0
2025-09-05,18,0
2025-09-06,18,0
2025-09-07,18,0
2025-09-08,18,0
2025-09-09,18,0
2025-09-10,18,0
2025-09-11,18,0
2025-09-12,18,0
2025-09-13,18,0
2025-09-14,18,0
2025-06-17,19,153
2025-06-18,19,150
2025-06-19,19,148
2025-06-20,19,145
2025-06-21,19,139
2025-06-22,19,131
2025-06-23,19,123
2025-06-24,19,115
2025-06-25,19,111
2025-06-26,19,105
2025-06-27,19,99
2025-06-28,19,92
2025-06-29,19,88
2025-06-30,19,86
2025-07-01,19,81
2025-07-02,19,78
2025-07-03,19,72
2025-07-04,19,60
2025-07-05,19,56
2025-07-06,19,51
2025-07-07,19,46
2025-07-08,19,40
2025-07-09,19,37
2025-07-10,19,32
2025-07-11,19,25
2025-07-12,19,16
2025-07-13,19,11
2025-07-14,19,4
2025-07-15,19,3
2025-07-16,19,0
2025-07-17,19,0
2025-07-18,19,0
2025-07-19,19,0
2025-07-20,19,0
2025-07-21,19,0
2025-07-22,19,0
2025-07-23,19,0
2025-07-24,19,0
2025-07-25,19,0
2025-07-26,19,0
2025-07-27,19,0
2025-07-28,19,0
2025-07-29,19,0
2025-07-30,19,0
2025-07-31,19,0
2025-08-01,19,0
2025-08-02,19,0
2025-08-03,19,0
2025-08-04,19,0
2025-08-05,19,0
2025-08-06,19,0
2025-08-07,19,0
2025-08-08,19,0
2025-08-09,19,0
2025-08-10,19,0
2025-08-11,19,0
2025-08-12,19,0
2025-08-13,19,0
2025-08-14,19,0
2025-08-15,19,0
2025-08-16,19,0
2025-08-17,19,0
2025-08-18,19,0
2025-08-19,19,0
2025-08-20,19,0
2025-08-21,19,0
2025-08-22,19,0
2025-08-23,19,0
2025-08-24,19,0
2025-08-25,19,0
2025-08-26,19,0
2025-08-27,19,0
2025-08-28,19,0
2025-08-29,19,0
2025-08-30,19,0
2025-08-31,19,0
2025-09-01,19,0
2025-09-02,19,0
2025-09-03,19,0
2025-09-04,19,0
2025-09-05,19,0
2025-09-06,19,0
2025-09-07,19,0
2025-09-08,19,0
2025-09-09,19,0
2025-09-10,19,0
2025-09-11,19,0
2025-09-12,19,0
2025-09-13,19,0
2025-09-14,19,0
2025-06-17,20,188
2025-06-18,20,184
2025-06-19,20,179
2025-06-20,20,175
2025-06-21,20,172
2025-06-22,20,168
2025-06-23,20,161
2025-06-24,20,157
2025-06-25,20,152
2025-06-26,20,142
2025-06-27,20,138
2025-06-28,20,133
2025-06-29,20,128
2025-06-30,20,123
2025-07-01,20,119
2025-07-02,20,117
2025-07-03,20,111
2025-07-04,20,109
2025-07-05,20,102
2025-07-06,20,95
2025-07-07,20,91
2025-07-08,20,85
2025-07-09,20,79
2025-07-10,20,73
2025-07-11,20,70
2025-07-12,20,69
2025-07-13,20,66
2025-07-14,20,59
2025-07-15,20,53
2025-07-16,20,50
2025-07-17,20,44
2025-07-18,20,38
2025-07-19,20,35
2025-07-20,20,29
2025-07-21,20,26
2025-07-22,20,20
2025-07-23,20,16
2025-07-24,20,13
2025-07-25,20,7
2025-07-26,20,0
2025-07-27,20,0
2025-07-28,20,0
2025-07-29,20,0
2025-07-30,20,0
2025-07-31,20,0
2025-08-01,20,0
2025-08-02,20,0
2025-08-03,20,0
2025-08-04,20,0
2025-08-05,20,0
2025-08-06,20,0
2025-08-07,20,0
2025-08-08,20,0
2025-08-09,20,0
2025-08-10,20,0
2025-08-11,20,0
2025-08-12,20,0
2025-08-13,20,0
2025-08-14,20,0
2025-08-15,20,0
2025-08-16,20,0
2025-08-17,20,0
2025-08-18,20,0
2025-08-19,20,0
2025-08-20,20,0
2025-08-21,20,0
2025-08-22,20,0
2025-08-23,20,0
2025-08-24,20,0
2025-08-25,20,0
2025-08-26,20,0
2025-08-27,20,0
2025-08-28,20,0
2025-08-29,20,0
2025-08-30,20,0
2025-08-31,20,0
2025-09-01,20,0
2025-09-02,20,0
2025-09-03,20,0
2025-09-04,20,0
2025-09-05,20,0
2025-09-06,20,0
2025-09-07,20,0
2025-09-08,20,0
2025-09-09,20,0
2025-09-10,20,0
2025-09-11,20,0
2025-09-12,20,0
2025-09-13,20,0
2025-09-14,20,0
